{
  "frame_convention": "optical +X right +Y down +Z fwd; T_base_cam = base<-cam",
  "method": "static_known_board",
  "board": {
    "square": 0.035,
    "marker": 0.026,
    "dict": "DICT_4X4_50",
    "squares": [
      5,
      7
    ]
  },
  "board_center_base": [
    0.4,
    0.0,
    0.0
  ],
  "board_orientation": "axis-aligned to base: X=5-sq dir, Y=7-sq dir, Z up; D435 img right=+Y down=+X; D405 img +Y toward cam",
  "selected_yaw_deg": 180,
  "selected_zflip": true,
  "T_base_board": [
    [
      -1.0,
      1.2246467991473532e-16,
      1.4997597826618576e-32,
      0.4874999985098839
    ],
    [
      1.2246467991473532e-16,
      1.0,
      1.2246467991473532e-16,
      -0.1225000023841858
    ],
    [
      0.0,
      1.2246467991473532e-16,
      -1.0,
      -1.5001923581533625e-17
    ],
    [
      0.0,
      0.0,
      0.0,
      1.0
    ]
  ],
  "serial": "218622277013",
  "T_base_cam405fixed": [
    [
      -0.8772302393678729,
      0.29994124242715675,
      -0.37483644197147914,
      0.6881042624918317
    ],
    [
      0.4799115358898085,
      0.5278474075664171,
      -0.7007581837162502,
      0.43426234299364785
    ],
    [
      -0.012329836108784877,
      -0.7946146018144056,
      -0.6069889700191134,
      0.4284764158332601
    ],
    [
      0.0,
      0.0,
      0.0,
      1.0
    ]
  ],
  "cam_pos_base": [
    0.6881042624918317,
    0.43426234299364785,
    0.4284764158332601
  ],
  "rpy_xyz_deg": [
    -127.37542977309893,
    0.7064654719446964,
    151.31799287238357
  ],
  "reproj_px": 0.4781308174133301,
  "pose_spread_mm": 0.751129722158141,
  "n_frames": 25
}