{
  "frame_convention": "optical +X right +Y down +Z fwd; T_base_cam = base<-cam",
  "method": "static_known_board",
  "board": {
    "square": 0.035,
    "marker": 0.026,
    "dict": "DICT_4X4_50",
    "squares": [
      5,
      7
    ]
  },
  "board_center_base": [
    0.4,
    0.0,
    0.0
  ],
  "board_orientation": "axis-aligned to base: X=5-sq dir, Y=7-sq dir, Z up; D435 img right=+Y down=+X; D405 img +Y toward cam",
  "selected_yaw_deg": 180,
  "selected_zflip": true,
  "T_base_cam435": [
    [
      0.06743584155911876,
      0.8912525799967199,
      -0.44846543447896176,
      0.6260500870499714
    ],
    [
      0.9977037574439458,
      -0.06307402050478322,
      0.024675500391976274,
      -0.04566856913452909
    ],
    [
      -0.006294414622953648,
      -0.44909966219821706,
      -0.8934594975475953,
      0.6454475363464486
    ],
    [
      0.0,
      0.0,
      0.0,
      1.0
    ]
  ],
  "T_base_board": [
    [
      -1.0,
      1.2246467991473532e-16,
      1.4997597826618576e-32,
      0.4874999985098839
    ],
    [
      1.2246467991473532e-16,
      1.0,
      1.2246467991473532e-16,
      -0.1225000023841858
    ],
    [
      0.0,
      1.2246467991473532e-16,
      -1.0,
      -1.5001923581533625e-17
    ],
    [
      0.0,
      0.0,
      0.0,
      1.0
    ]
  ],
  "cam_pos_base": [
    0.6260500870499714,
    -0.04566856913452909,
    0.6454475363464486
  ],
  "rpy_xyz_deg": [
    -153.31349560229847,
    0.360645773870959,
    86.13319967377693
  ],
  "reproj_px": 0.3991678595542908,
  "pose_spread_mm": 0.08585739503306554,
  "n_frames": 25,
  "note": "static known-board calib; board center [0.4,0,0] with Y=0 user-confirmed exact. Prior robot-derived value backed up in extrinsics_d435.json.bak.robot_20260629 (agreed in X,Z to ~mm; differed ~46mm in Y -> prior Y error)."
}